revenue,net_income,total_assets,total_equity,total_debt,eps,ticker,fiscal_year
215938000000.0,120067000000.0,206803000000.0,157293000000.0,11040000000.0,4.9,NVDA,2026
130497000000.0,72880000000.0,111601000000.0,79327000000.0,9982000000.0,2.94,NVDA,2025
60922000000.0,29760000000.0,65728000000.0,42978000000.0,11056000000.0,1.19,NVDA,2024
26974000000.0,4368000000.0,41182000000.0,22101000000.0,12031000000.0,0.174,NVDA,2023
416161000000.0,112010000000.0,359241000000.0,73733000000.0,98657000000.0,7.46,AAPL,2025
391035000000.0,93736000000.0,364980000000.0,56950000000.0,106629000000.0,6.08,AAPL,2024
383285000000.0,96995000000.0,352583000000.0,62146000000.0,111088000000.0,6.13,AAPL,2023
394328000000.0,99803000000.0,352755000000.0,50672000000.0,132480000000.0,6.11,AAPL,2022
198270000000.0,72738000000.0,364840000000.0,166542000000.0,61270000000.0,9.65,MSFT,2022
211915000000.0,72361000000.0,411976000000.0,206223000000.0,59965000000.0,9.68,MSFT,2023
245122000000.0,88136000000.0,512163000000.0,268477000000.0,67127000000.0,11.8,MSFT,2024
281724000000.0,101832000000.0,619003000000.0,343479000000.0,60588000000.0,13.64,MSFT,2025
513983000000.0,-2722000000.0,462675000000.0,146043000000.0,140118000000.0,-0.27,AMZN,2022
574785000000.0,30425000000.0,527854000000.0,201875000000.0,135611000000.0,2.9,AMZN,2023
637959000000.0,59248000000.0,624894000000.0,285970000000.0,130900000000.0,5.53,AMZN,2024
716924000000.0,77670000000.0,818042000000.0,411065000000.0,152987000000.0,7.17,AMZN,2025
282836000000.0,59972000000.0,365264000000.0,256144000000.0,29679000000.0,4.56,GOOGL,2022
307394000000.0,73795000000.0,402392000000.0,283379000000.0,27121000000.0,5.8,GOOGL,2023
350018000000.0,100118000000.0,450256000000.0,325084000000.0,22574000000.0,8.04,GOOGL,2024
402836000000.0,132170000000.0,595281000000.0,415265000000.0,59291000000.0,10.81,GOOGL,2025
63887000000.0,23126000000.0,171092000000.0,81292000000.0,65136000000.0,4.77,AVGO,2025
51574000000.0,5895000000.0,165645000000.0,67678000000.0,67566000000.0,1.23,AVGO,2024
35819000000.0,14082000000.0,72861000000.0,23988000000.0,39229000000.0,3.298,AVGO,2023
33203000000.0,11495000000.0,73249000000.0,22709000000.0,39515000000.0,2.653,AVGO,2022
282836000000.0,59972000000.0,365264000000.0,256144000000.0,29679000000.0,4.56,GOOG,2022
307394000000.0,73795000000.0,402392000000.0,283379000000.0,27121000000.0,5.8,GOOG,2023
350018000000.0,100118000000.0,450256000000.0,325084000000.0,22574000000.0,8.04,GOOG,2024
402836000000.0,132170000000.0,595281000000.0,415265000000.0,59291000000.0,10.81,GOOG,2025
200966000000.0,60458000000.0,366021000000.0,217243000000.0,83897000000.0,23.49,META,2025
164501000000.0,62360000000.0,276054000000.0,182637000000.0,49060000000.0,23.86,META,2024
134902000000.0,39098000000.0,229623000000.0,153168000000.0,37234000000.0,14.87,META,2023
116609000000.0,23200000000.0,185727000000.0,125713000000.0,26591000000.0,8.59,META,2022
94827000000.0,3794000000.0,137806000000.0,82137000000.0,14719000000.0,1.08,TSLA,2025
97690000000.0,7130000000.0,122070000000.0,72913000000.0,13623000000.0,2.04,TSLA,2024
96773000000.0,14999000000.0,106618000000.0,62634000000.0,9573000000.0,4.31,TSLA,2023
81462000000.0,12583000000.0,82338000000.0,44704000000.0,5748000000.0,3.62,TSLA,2022
,,,,,39.702687,BRK-B,2021
234121000000.0,-22759000000.0,948465000000.0,473424000000.0,122744000000.0,-10.329338,BRK-B,2022
439337000000.0,96223000000.0,1069978000000.0,561273000000.0,128271000000.0,44.274689,BRK-B,2023
424232000000.0,88995000000.0,1153881000000.0,649368000000.0,124762000000.0,41.266687,BRK-B,2024
410522000000.0,66968000000.0,1222176000000.0,717419000000.0,129081000000.0,,BRK-B,2025
37378000000.0,8539000000.0,82798000000.0,54165000000.0,15278000000.0,7.59,MU,2025
25111000000.0,778000000.0,69416000000.0,45131000000.0,14007000000.0,0.7,MU,2024
15540000000.0,-5833000000.0,64254000000.0,44120000000.0,13933000000.0,-5.34,MU,2023
30758000000.0,8687000000.0,66283000000.0,49907000000.0,7516000000.0,7.75,MU,2022
181847000000.0,57048000000.0,4424900000000.0,362438000000.0,499982000000.0,20.02,JPM,2025
169439000000.0,58471000000.0,4002814000000.0,344758000000.0,454311000000.0,19.75,JPM,2024
154952000000.0,49552000000.0,3875393000000.0,327878000000.0,436537000000.0,16.23,JPM,2023
127727000000.0,37676000000.0,3665743000000.0,292332000000.0,339892000000.0,12.09,JPM,2022
65179000000.0,20640000000.0,112476000000.0,26535000000.0,42503000000.0,22.95,LLY,2025
45043000000.0,10590000000.0,78715000000.0,14272000000.0,33644000000.0,11.71,LLY,2024
34124000000.0,5240000000.0,64006300000.0,10771900000.0,25225300000.0,5.8,LLY,2023
28541400000.0,6244800000.0,49489800000.0,10649800000.0,16238600000.0,6.572215,LLY,2022
34639000000.0,4335000000.0,76926000000.0,62999000000.0,3847000000.0,2.65,AMD,2025
25785000000.0,1641000000.0,69226000000.0,57568000000.0,2212000000.0,1.0,AMD,2024
22680000000.0,854000000.0,67885000000.0,55892000000.0,3003000000.0,0.53,AMD,2023
23601000000.0,1320000000.0,67580000000.0,54750000000.0,2863000000.0,0.84,AMD,2022
398675000000.0,55740000000.0,369067000000.0,195049000000.0,41193000000.0,13.26,XOM,2022
334697000000.0,36010000000.0,376317000000.0,204802000000.0,41573000000.0,8.89,XOM,2023
339247000000.0,33680000000.0,453475000000.0,263705000000.0,41710000000.0,7.84,XOM,2024
323905000000.0,28844000000.0,448980000000.0,259386000000.0,43537000000.0,6.7,XOM,2025
713163000000.0,21893000000.0,284668000000.0,99617000000.0,67095000000.0,2.73,WMT,2026
680985000000.0,19436000000.0,260823000000.0,91013000000.0,60114000000.0,2.41,WMT,2025
648125000000.0,15511000000.0,252399000000.0,83861000000.0,61321000000.0,1.913333,WMT,2024
611289000000.0,11680000000.0,243197000000.0,76693000000.0,58923000000.0,1.423333,WMT,2023
94193000000.0,26804000000.0,199210000000.0,81544000000.0,47933000000.0,11.03,JNJ,2025
88821000000.0,14066000000.0,180104000000.0,71490000000.0,36634000000.0,5.79,JNJ,2024
85159000000.0,35153000000.0,167558000000.0,68774000000.0,29332000000.0,13.72,JNJ,2023
79990000000.0,17941000000.0,187378000000.0,76804000000.0,39642000000.0,6.73,JNJ,2022
63054000000.0,8014000000.0,182103000000.0,101423000000.0,42007000000.0,1.94,INTC,2022
54228000000.0,1689000000.0,191572000000.0,105590000000.0,49266000000.0,0.4,INTC,2023
53101000000.0,-18756000000.0,196485000000.0,99270000000.0,50011000000.0,-4.38,INTC,2024
52853000000.0,-267000000.0,211429000000.0,114281000000.0,46585000000.0,-0.06,INTC,2025
29310000000.0,14957000000.0,85501000000.0,35581000000.0,22450000000.0,7.0,V,2022
32653000000.0,17273000000.0,90499000000.0,38733000000.0,20463000000.0,8.28,V,2023
35926000000.0,19743000000.0,94511000000.0,39137000000.0,20836000000.0,9.73,V,2024
40000000000.0,20058000000.0,99627000000.0,37909000000.0,25171000000.0,10.2,V,2025
275235000000.0,8099000000.0,77099000000.0,29164000000.0,8173000000.0,18.21,COST,2025
254453000000.0,7367000000.0,69831000000.0,23622000000.0,8169000000.0,16.56,COST,2024
242290000000.0,6292000000.0,68994000000.0,25058000000.0,8884000000.0,14.16,COST,2023
226954000000.0,5844000000.0,64166000000.0,20642000000.0,9039000000.0,13.14,COST,2022
51557000000.0,11812000000.0,94002000000.0,39773000000.0,9515000000.0,2.82,CSCO,2022
56998000000.0,12613000000.0,101852000000.0,44353000000.0,8391000000.0,3.07,CSCO,2023
53803000000.0,10320000000.0,124413000000.0,45457000000.0,30973000000.0,2.54,CSCO,2024
56654000000.0,10180000000.0,122291000000.0,46843000000.0,28093000000.0,2.61,CSCO,2025
67589000000.0,8884000000.0,98585000000.0,21318000000.0,43330000000.0,18.81,CAT,2025
64809000000.0,10792000000.0,87764000000.0,19491000000.0,38409000000.0,22.05,CAT,2024
67060000000.0,10335000000.0,87476000000.0,19494000000.0,37878000000.0,20.12,CAT,2023
59427000000.0,6705000000.0,81943000000.0,15869000000.0,36993000000.0,12.64,CAT,2022
22237000000.0,9930000000.0,38724000000.0,6298000000.0,14023000000.0,10.22,MA,2022
25098000000.0,11195000000.0,42448000000.0,6929000000.0,15681000000.0,11.83,MA,2023
28167000000.0,12874000000.0,48081000000.0,6485000000.0,18226000000.0,13.89,MA,2024
32791000000.0,14968000000.0,54157000000.0,7737000000.0,19000000000.0,16.52,MA,2025
17227039000.0,4605286000.0,17195632000.0,6278366000.0,5005830000.0,3.275,LRCX,2022
17428516000.0,4510931000.0,18781643000.0,8210172000.0,5011541000.0,3.321,LRCX,2023
14905386000.0,3827772000.0,18744728000.0,8539454000.0,4983334000.0,2.9,LRCX,2024
18435591000.0,5358217000.0,21345260000.0,9861619000.0,4484505000.0,4.15,LRCX,2025
58054000000.0,11836000000.0,138805000000.0,17254000000.0,63271000000.0,6.63,ABBV,2022
54318000000.0,4863000000.0,134711000000.0,10360000000.0,59385000000.0,2.72,ABBV,2023
56334000000.0,4278000000.0,135161000000.0,3325000000.0,67144000000.0,2.39,ABBV,2024
61160000000.0,4226000000.0,133960000000.0,-3270000000.0,67496000000.0,2.37,ABBV,2025
45183036000.0,10981201000.0,55596993000.0,26615488000.0,14462836000.0,2.53,NFLX,2025
39000966000.0,8711631000.0,53630374000.0,24743567000.0,15582804000.0,1.983,NFLX,2024
33723297000.0,5407990000.0,48731992000.0,20588313000.0,14543261000.0,1.203,NFLX,2023
31615550000.0,4491924000.0,48594768000.0,20777401000.0,14353076000.0,0.995,NFLX,2022
447567000000.0,12056000000.0,309581000000.0,94110000000.0,78389000000.0,13.23,UNH,2025
400278000000.0,14405000000.0,298278000000.0,92658000000.0,76904000000.0,15.51,UNH,2024
371622000000.0,22381000000.0,273720000000.0,88756000000.0,62537000000.0,23.86,UNH,2023
324162000000.0,20120000000.0,245705000000.0,77772000000.0,57623000000.0,21.18,UNH,2022
235717000000.0,35465000000.0,257709000000.0,159282000000.0,23339000000.0,18.28,CVX,2022
196913000000.0,21369000000.0,261632000000.0,160957000000.0,20836000000.0,11.36,CVX,2023
193414000000.0,17661000000.0,256938000000.0,152318000000.0,24541000000.0,9.72,CVX,2024
184432000000.0,12299000000.0,324012000000.0,186450000000.0,40758000000.0,6.63,CVX,2025
28368000000.0,6998000000.0,36299000000.0,20415000000.0,7050000000.0,8.66,AMAT,2025
27176000000.0,7177000000.0,34409000000.0,19001000000.0,6606000000.0,8.61,AMAT,2024
26517000000.0,6856000000.0,30729000000.0,16349000000.0,5999000000.0,8.11,AMAT,2023
25785000000.0,6525000000.0,26726000000.0,12194000000.0,5829000000.0,7.44,AMAT,2022
57399000000.0,12443000000.0,168361000000.0,20451000000.0,104104000000.0,4.34,ORCL,2025
52961000000.0,10467000000.0,140976000000.0,8704000000.0,93124000000.0,3.71,ORCL,2024
49954000000.0,8503000000.0,134384000000.0,1073000000.0,90481000000.0,3.07,ORCL,2023
42440000000.0,6717000000.0,109297000000.0,-6220000000.0,75859000000.0,2.41,ORCL,2022
80187000000.0,14742000000.0,117208000000.0,46589000000.0,32293000000.0,5.81,PG,2022
82006000000.0,14653000000.0,120829000000.0,46777000000.0,35424000000.0,5.9,PG,2023
84039000000.0,14879000000.0,122370000000.0,50286000000.0,33369000000.0,6.02,PG,2024
84284000000.0,15974000000.0,125231000000.0,52012000000.0,35463000000.0,6.51,PG,2025
113097000000.0,30509000000.0,3411738000000.0,303243000000.0,365904000000.0,3.81,BAC,2025
105856000000.0,26973000000.0,3261299000000.0,293963000000.0,326670000000.0,3.21,BAC,2024
102769000000.0,26305000000.0,3180151000000.0,291646000000.0,334302000000.0,3.08,BAC,2023
94950000000.0,27528000000.0,3051375000000.0,273197000000.0,302914000000.0,3.19,BAC,2022
47941000000.0,13107000000.0,104816000000.0,32169000000.0,45492000000.0,3.04,KO,2025
47061000000.0,10631000000.0,100549000000.0,24856000000.0,44522000000.0,2.46,KO,2024
45754000000.0,10714000000.0,97703000000.0,25941000000.0,42064000000.0,2.47,KO,2023
43004000000.0,9542000000.0,92763000000.0,24105000000.0,39149000000.0,2.19,KO,2022
45855000000.0,8704000000.0,130169000000.0,18677000000.0,20495000000.0,8.14,GE,2025
38702000000.0,6556000000.0,123140000000.0,19342000000.0,19273000000.0,5.99,GE,2024
35348000000.0,9482000000.0,173300000000.0,27403000000.0,20525000000.0,8.36,GE,2023
29139000000.0,336000000.0,188851000000.0,33696000000.0,26148000000.0,0.05,GE,2022
4475446000.0,1625033000.0,8900392000.0,7387268000.0,229338000.0,0.63,PLTR,2025
2865507000.0,462190000.0,6340884000.0,5003275000.0,239219000.0,0.190277,PLTR,2024
2225012000.0,209825000.0,4522425000.0,3475561000.0,229392000.0,0.090131,PLTR,2023
1905871000.0,-373705000.0,3461239000.0,2565326000.0,249404000.0,-0.180263,PLTR,2022
164683000000.0,14156000000.0,105095000000.0,12813000000.0,65350000000.0,14.23,HD,2026
159514000000.0,14806000000.0,96119000000.0,6640000000.0,62290000000.0,14.91,HD,2025
152669000000.0,15143000000.0,76530000000.0,1044000000.0,52243000000.0,15.11,HD,2024
157403000000.0,17105000000.0,76445000000.0,1562000000.0,50364000000.0,16.69,HD,2023
40648000000.0,11348000000.0,69185000000.0,-9994000000.0,48835000000.0,7.26,PM,2025
37878000000.0,7057000000.0,61784000000.0,-11750000000.0,45695000000.0,4.53,PM,2024
35174000000.0,7813000000.0,65304000000.0,-11225000000.0,47909000000.0,5.02,PM,2023
31762000000.0,9048000000.0,61681000000.0,-8957000000.0,43123000000.0,5.81,PM,2022
29654000000.0,-2736000000.0,44471000000.0,10650000000.0,1144000000.0,-10.055734,GEV,2022
33239000000.0,-438000000.0,46121000000.0,7416000000.0,1157000000.0,-1.598041,GEV,2023
34935000000.0,1552000000.0,51485000000.0,9546000000.0,1043000000.0,5.58,GEV,2024
38068000000.0,4884000000.0,63016000000.0,11178000000.0,1172000000.0,17.69,GEV,2025
47365000000.0,11261000000.0,1441799000000.0,117189000000.0,324199000000.0,30.06,GS,2022
46254000000.0,8516000000.0,1641594000000.0,116905000000.0,333248000000.0,22.87,GS,2023
53512000000.0,14276000000.0,1675972000000.0,121996000000.0,342555000000.0,40.54,GS,2024
58283000000.0,17176000000.0,1809320000000.0,124972000000.0,386150000000.0,51.32,GS,2025
65011000000.0,18254000000.0,136866000000.0,52606000000.0,49339000000.0,7.28,MRK,2025
64168000000.0,17117000000.0,117106000000.0,46313000000.0,37111000000.0,6.74,MRK,2024
60115000000.0,365000000.0,106675000000.0,37581000000.0,35055000000.0,0.14,MRK,2023
59283000000.0,14519000000.0,109160000000.0,45991000000.0,30691000000.0,5.71,MRK,2022
17682000000.0,5001000000.0,34585000000.0,16273000000.0,14048000000.0,5.45,TXN,2025
15641000000.0,4799000000.0,35509000000.0,16903000000.0,13596000000.0,5.2,TXN,2024
17519000000.0,6510000000.0,32348000000.0,16897000000.0,11223000000.0,7.07,TXN,2023
20028000000.0,8749000000.0,27207000000.0,14577000000.0,8735000000.0,9.41,TXN,2022
33986000000.0,6898000000.0,86817000000.0,38245000000.0,28069000000.0,14.61,LIN,2025
33005000000.0,6565000000.0,80147000000.0,38092000000.0,22609000000.0,13.62,LIN,2024
32854000000.0,6199000000.0,80811000000.0,39720000000.0,20315000000.0,12.59,LIN,2023
33364000000.0,4147000000.0,79658000000.0,40028000000.0,18791000000.0,8.23,LIN,2022
88603000000.0,6732000000.0,171079000000.0,65245000000.0,39506000000.0,4.96,RTX,2025
80738000000.0,4774000000.0,162861000000.0,60156000000.0,42893000000.0,3.55,RTX,2024
68920000000.0,3195000000.0,161869000000.0,59798000000.0,45239000000.0,2.23,RTX,2023
67074000000.0,5197000000.0,158864000000.0,72632000000.0,33500000000.0,3.5,RTX,2022
50210000000.0,11029000000.0,1180231000000.0,100141000000.0,246216000000.0,6.15,MS,2022
50667000000.0,9087000000.0,1193693000000.0,99038000000.0,276387000000.0,5.18,MS,2023
57621000000.0,13390000000.0,1215071000000.0,104511000000.0,310421000000.0,7.95,MS,2024
65966000000.0,16861000000.0,1420270000000.0,111632000000.0,370538000000.0,10.21,MS,2025
83699000000.0,21338000000.0,2148631000000.0,181117000000.0,193035000000.0,6.26,WFC,2025
82296000000.0,19722000000.0,1929845000000.0,179120000000.0,175782000000.0,5.37,WFC,2024
82597000000.0,19142000000.0,1932468000000.0,185735000000.0,219471000000.0,4.83,WFC,2023
74368000000.0,13677000000.0,1881020000000.0,180227000000.0,195392000000.0,3.14,WFC,2022
74480000000.0,14845000000.0,2416676000000.0,201189000000.0,318702000000.0,7.0,C,2022
78090000000.0,9228000000.0,2411834000000.0,205453000000.0,324076000000.0,4.04,C,2023
80672000000.0,12682000000.0,2352945000000.0,208598000000.0,335805000000.0,5.94,C,2024
85213000000.0,14306000000.0,2657202000000.0,212291000000.0,367705000000.0,6.99,C,2025
44284000000.0,5541000000.0,50143000000.0,21206000000.0,14811000000.0,5.01,QCOM,2025
38962000000.0,10142000000.0,55154000000.0,26274000000.0,14634000000.0,8.97,QCOM,2024
35820000000.0,7232000000.0,51040000000.0,21581000000.0,15398000000.0,6.42,QCOM,2023
44200000000.0,12936000000.0,49014000000.0,18013000000.0,15482000000.0,11.37,QCOM,2022
67536000000.0,10593000000.0,151880000000.0,32648000000.0,64607000000.0,11.17,IBM,2025
62753000000.0,6023000000.0,137175000000.0,27307000000.0,58396000000.0,6.43,IBM,2024
61860000000.0,7502000000.0,135241000000.0,22533000000.0,59935000000.0,8.14,IBM,2023
60530000000.0,1640000000.0,127243000000.0,21944000000.0,54013000000.0,1.8,IBM,2022
93925000000.0,8240000000.0,107399000000.0,20406000000.0,49901000000.0,6.0,PEP,2025
91854000000.0,9578000000.0,99467000000.0,18041000000.0,44948000000.0,6.95,PEP,2024
91471000000.0,9074000000.0,100495000000.0,18503000000.0,44661000000.0,6.56,PEP,2023
86392000000.0,8910000000.0,92187000000.0,17149000000.0,39554000000.0,6.42,PEP,2022
27412000000.0,6835000000.0,212721000000.0,54608000000.0,95619000000.0,3.281325,NEE,2025
24753000000.0,6946000000.0,190144000000.0,50101000000.0,82333000000.0,3.37,NEE,2024
28114000000.0,7310000000.0,177489000000.0,47468000000.0,73211000000.0,3.599212,NEE,2023
20956000000.0,4147000000.0,158935000000.0,39229000000.0,64966000000.0,2.087066,NEE,2022
138191000000.0,17174000000.0,404258000000.0,104460000000.0,181643000000.0,4.06,VZ,2025
134788000000.0,17506000000.0,384711000000.0,99237000000.0,168357000000.0,4.14,VZ,2024
133974000000.0,11614000000.0,380255000000.0,92430000000.0,174942000000.0,2.75,VZ,2023
136835000000.0,21256000000.0,379680000000.0,91144000000.0,176331000000.0,5.06,VZ,2022
23182000000.0,6177000000.0,50435600000.0,-6003400000.0,48699000000.0,8.33,MCD,2022
25495000000.0,8469000000.0,56147000000.0,-4706000000.0,53091000000.0,11.56,MCD,2023
25920000000.0,8223000000.0,55182000000.0,-3796000000.0,51948000000.0,11.39,MCD,2024
26885000000.0,8563000000.0,59515000000.0,-1790000000.0,54814000000.0,11.95,MCD,2025
94425000000.0,12404000000.0,197514000000.0,109869000000.0,44877000000.0,6.85,DIS,2025
91361000000.0,4972000000.0,196219000000.0,100696000000.0,48743000000.0,2.72,DIS,2024
88898000000.0,2354000000.0,205579000000.0,99277000000.0,49895000000.0,1.29,DIS,2023
82722000000.0,3145000000.0,203631000000.0,95008000000.0,51608000000.0,1.72,DIS,2022
36751000000.0,7711000000.0,90586000000.0,8658000000.0,54604000000.0,14.23,AMGN,2025
33424000000.0,4090000000.0,91839000000.0,5877000000.0,60099000000.0,7.56,AMGN,2024
28190000000.0,6717000000.0,97154000000.0,6232000000.0,64613000000.0,12.49,AMGN,2023
26323000000.0,6552000000.0,65121000000.0,3661000000.0,38945000000.0,12.11,AMGN,2022
66608000000.0,-4935000000.0,137100000000.0,-15883000000.0,57277000000.0,-8.3,BA,2022
77794000000.0,-2222000000.0,137012000000.0,-17233000000.0,52603000000.0,-3.67,BA,2023
66517000000.0,-11817000000.0,156363000000.0,-3908000000.0,54188000000.0,-18.36,BA,2024
89463000000.0,2235000000.0,168235000000.0,5454000000.0,54433000000.0,2.48,BA,2025
125648000000.0,21953000000.0,420198000000.0,110533000000.0,155043000000.0,3.04,T,2025
122336000000.0,10948000000.0,394795000000.0,104372000000.0,140923000000.0,1.49,T,2024
122428000000.0,14400000000.0,407060000000.0,103297000000.0,154899000000.0,1.97,T,2023
120741000000.0,-8524000000.0,402853000000.0,97500000000.0,154679000000.0,-1.13,T,2022
44915000000.0,6950000000.0,97154000000.0,43978000000.0,34488000000.0,17.63,TMO,2022
42857000000.0,5995000000.0,98726000000.0,46735000000.0,34917000000.0,15.45,TMO,2023
42879000000.0,6335000000.0,97321000000.0,49585000000.0,31275000000.0,16.53,TMO,2024
44557000000.0,6704000000.0,110343000000.0,53407000000.0,39385000000.0,17.74,TMO,2025
72230000000.0,10833000000.0,300052000000.0,33474000000.0,57759000000.0,15.38,AXP,2025
65949000000.0,10129000000.0,271461000000.0,30264000000.0,51089000000.0,14.01,AXP,2024
60515000000.0,8374000000.0,261108000000.0,28057000000.0,49159000000.0,11.21,AXP,2023
52862000000.0,7514000000.0,228354000000.0,24711000000.0,43921000000.0,9.85,AXP,2022
27281000000.0,4592000000.0,63171000000.0,21240000000.0,25230000000.0,3.64,GILD,2022
27116000000.0,5665000000.0,62125000000.0,22833000000.0,24987000000.0,4.5,GILD,2023
28754000000.0,480000000.0,58995000000.0,19330000000.0,26711000000.0,0.38,GILD,2024
29442000000.0,8510000000.0,59023000000.0,22702000000.0,24936000000.0,6.78,GILD,2025
24875000000.0,6998000000.0,65449000000.0,12163000000.0,34957000000.0,11.21,UNP,2022
24119000000.0,6379000000.0,67132000000.0,14788000000.0,34179000000.0,10.45,UNP,2023
24250000000.0,6747000000.0,67715000000.0,16890000000.0,32463000000.0,11.09,UNP,2024
24510000000.0,7138000000.0,69698000000.0,18467000000.0,32822000000.0,11.98,UNP,2025
24216000000.0,5553000000.0,169998000000.0,55888000000.0,14996000000.0,35.31,BLK,2025
20407000000.0,6369000000.0,138615000000.0,47495000000.0,14222000000.0,42.01,BLK,2024
17859000000.0,5502000000.0,123211000000.0,39347000000.0,9702000000.0,36.51,BLK,2023
17873000000.0,5178000000.0,117628000000.0,37744000000.0,8489000000.0,33.97,BLK,2022
41525000000.0,7457000000.0,112305000000.0,59142000000.0,17176000000.0,7.8,CRM,2026
37895000000.0,6197000000.0,102928000000.0,61173000000.0,11392000000.0,6.36,CRM,2025
34857000000.0,4136000000.0,99823000000.0,59646000000.0,12588000000.0,4.2,CRM,2024
31352000000.0,208000000.0,98849000000.0,58359000000.0,14088000000.0,0.21,CRM,2023
52017000000.0,10053000000.0,61802000000.0,27041000000.0,12080000000.0,4.73,UBER,2025
43978000000.0,9856000000.0,51244000000.0,21558000000.0,11126000000.0,4.56,UBER,2024
37281000000.0,1887000000.0,38699000000.0,11249000000.0,11224000000.0,0.87,UBER,2023
31877000000.0,-9141000000.0,32109000000.0,7340000000.0,11139000000.0,-4.65,UBER,2022
,,,,87000000.0,,ISRG,2021
6222200000.0,,12974000000.0,11041900000.0,,3.65,ISRG,2022
7124100000.0,,15441500000.0,13307600000.0,,5.03,ISRG,2023
8352100000.0,,18743200000.0,16433700000.0,,6.42,ISRG,2024
10064700000.0,,20458700000.0,17824000000.0,,7.87,ISRG,2025
23921000000.0,8852000000.0,490995000000.0,49425000000.0,30951000000.0,4.65,SCHW,2025
19606000000.0,5942000000.0,479843000000.0,48375000000.0,45134000000.0,2.99,SCHW,2024
18837000000.0,5067000000.0,493178000000.0,40958000000.0,59081000000.0,2.54,SCHW,2023
20762000000.0,7183000000.0,551772000000.0,36608000000.0,37878000000.0,3.5,SCHW,2022
44328000000.0,6524000000.0,86713000000.0,52130000000.0,13860000000.0,3.72,ABT,2025
41950000000.0,13402000000.0,81414000000.0,47664000000.0,15021000000.0,7.64,ABT,2024
40109000000.0,5723000000.0,73214000000.0,38603000000.0,15628000000.0,3.26,ABT,2023
43653000000.0,6933000000.0,74438000000.0,36686000000.0,17716000000.0,3.91,ABT,2022
62579000000.0,7771000000.0,208160000000.0,86476000000.0,63961000000.0,1.36,PFE,2025
63627000000.0,8031000000.0,213396000000.0,88203000000.0,63649000000.0,1.41,PFE,2024
59554000000.0,2119000000.0,226501000000.0,89014000000.0,70845000000.0,0.37,PFE,2023
101175000000.0,31372000000.0,197205000000.0,95661000000.0,34859000000.0,5.47,PFE,2022
58944000000.0,7988000000.0,121939000000.0,64487000000.0,23444000000.0,6.35,COP,2025
54745000000.0,9245000000.0,122780000000.0,64796000000.0,24324000000.0,7.81,COP,2024
56141000000.0,10957000000.0,95924000000.0,49279000000.0,18937000000.0,9.06,COP,2023
78494000000.0,18680000000.0,93829000000.0,48003000000.0,16643000000.0,14.57,COP,2022
44665000000.0,5027000000.0,105996000000.0,25950000000.0,64250000000.0,18.5,DE,2025
50518000000.0,7100000000.0,107320000000.0,22836000000.0,65463000000.0,25.62,DE,2024
60248000000.0,10166000000.0,104087000000.0,21785000000.0,63692000000.0,34.63,DE,2023
51282000000.0,7131000000.0,90030000000.0,20262000000.0,52201000000.0,23.28,DE,2022
37442000000.0,4729000000.0,73681000000.0,13904000000.0,35563000000.0,7.36,HON,2025
34717000000.0,5705000000.0,75196000000.0,18619000000.0,32077000000.0,8.71,HON,2024
33009000000.0,5658000000.0,61525000000.0,15856000000.0,21536000000.0,8.47,HON,2023
35466000000.0,4966000000.0,62275000000.0,16697000000.0,20537000000.0,7.27,HON,2022
86286000000.0,6654000000.0,54144000000.0,-9917000000.0,44677000000.0,11.85,LOW,2026
83674000000.0,6957000000.0,43102000000.0,-14231000000.0,39678000000.0,12.23,LOW,2025
86377000000.0,7726000000.0,41795000000.0,-15050000000.0,40145000000.0,13.2,LOW,2024
97059000000.0,6437000000.0,43708000000.0,-14254000000.0,37994000000.0,10.17,LOW,2023
26917000000.0,5404000000.0,29264000000.0,-5578000000.0,19293000000.0,6.6228,BKNG,2025
23739000000.0,5882000000.0,27708000000.0,-4020000000.0,17081000000.0,6.9076,BKNG,2024
21365000000.0,4289000000.0,24342000000.0,-2744000000.0,14783000000.0,4.696,BKNG,2023
17090000000.0,3058000000.0,25361000000.0,2782000000.0,13037000000.0,3.054,BKNG,2022
402067000000.0,1768000000.0,253538000000.0,75214000000.0,79950000000.0,1.39,CVS,2025
372809000000.0,4614000000.0,253215000000.0,75560000000.0,82920000000.0,3.66,CVS,2024
357776000000.0,8344000000.0,249728000000.0,76461000000.0,79385000000.0,6.47,CVS,2023
322467000000.0,4311000000.0,228275000000.0,71469000000.0,70732000000.0,3.26,CVS,2022
20139000000.0,6947000000.0,35017000000.0,-3502000000.0,25709000000.0,4.12,MO,2025
20444000000.0,11264000000.0,35177000000.0,-2238000000.0,24926000000.0,6.54,MO,2024
20502000000.0,8130000000.0,38570000000.0,-3540000000.0,26233000000.0,4.57,MO,2023
20688000000.0,5764000000.0,36954000000.0,-3973000000.0,26680000000.0,3.19,MO,2022
37184400000.0,1856400000.0,32019700000.0,-8096600000.0,26611500000.0,1.63,SBUX,2025
36176200000.0,3760900000.0,31339300000.0,-7448900000.0,25803100000.0,3.31,SBUX,2024
35975600000.0,4124500000.0,29445500000.0,-7994800000.0,24599800000.0,3.58,SBUX,2023
32250300000.0,3281600000.0,27978400000.0,-8706600000.0,23804800000.0,2.83,SBUX,2022
34250000000.0,7360000000.0,455249000000.0,52582000000.0,47832000000.0,17.91,COF,2022
36787000000.0,4887000000.0,478464000000.0,58089000000.0,49318000000.0,11.95,COF,2023
39112000000.0,4750000000.0,490144000000.0,60784000000.0,44989000000.0,11.59,COF,2024
53434000000.0,2453000000.0,669009000000.0,113616000000.0,50413000000.0,4.03,COF,2025
48195000000.0,7054000000.0,90038000000.0,18473000000.0,47139000000.0,3.46,BMY,2025
48300000000.0,-8948000000.0,92603000000.0,16335000000.0,51200000000.0,-4.41,BMY,2024
45006000000.0,8025000000.0,95159000000.0,29430000000.0,41464000000.0,3.86,BMY,2023
46159000000.0,6327000000.0,96820000000.0,31061000000.0,40717000000.0,2.95,BMY,2022
75048000000.0,5017000000.0,59840000000.0,6721000000.0,21700000000.0,21.49,LMT,2025
71043000000.0,5336000000.0,55617000000.0,6333000000.0,20270000000.0,22.31,LMT,2024
67571000000.0,6920000000.0,52456000000.0,6835000000.0,17459000000.0,27.55,LMT,2023
65984000000.0,5732000000.0,52880000000.0,9266000000.0,15547000000.0,21.66,LMT,2022
18831000000.0,3869000000.0,36958000000.0,19710000000.0,6639000000.0,13.67,INTU,2025
16285000000.0,2963000000.0,32132000000.0,18436000000.0,6567000000.0,10.43,INTU,2024
14368000000.0,2384000000.0,27780000000.0,17269000000.0,6689000000.0,8.42,INTU,2023
12726000000.0,2066000000.0,27734000000.0,16441000000.0,7540000000.0,7.28,INTU,2022
24568000000.0,3614000000.0,83464000000.0,52534000000.0,19696000000.0,5.05,DHR,2025
23875000000.0,3899000000.0,77542000000.0,49543000000.0,17146000000.0,5.29,DHR,2024
23890000000.0,4764000000.0,84488000000.0,53486000000.0,19536000000.0,6.38,DHR,2023
26643000000.0,7209000000.0,84350000000.0,50082000000.0,20616000000.0,9.66,DHR,2022
29553000000.0,4341000000.0,155720000000.0,36016000000.0,74075000000.0,3.92,SO,2025
26724000000.0,4401000000.0,145180000000.0,33208000000.0,66277000000.0,3.99,SO,2024
25253000000.0,3976000000.0,139331000000.0,31444000000.0,63490000000.0,3.62,SO,2023
29279000000.0,3535000000.0,134891000000.0,30408000000.0,59135000000.0,3.26,SO,2022
69672977000.0,7678433000.0,65394897000.0,31195446000.0,8182866000.0,12.15,ACN,2025
64896464000.0,7264787000.0,55932363000.0,28288646000.0,4120549000.0,11.44,ACN,2024
64111745000.0,6871557000.0,51245305000.0,25692839000.0,3149034000.0,10.77,ACN,2023
61594305000.0,6877169000.0,47263390000.0,22106097000.0,3325756000.0,10.71,ACN,2022
33537000000.0,4662000000.0,91680000000.0,48024000000.0,28516000000.0,3.61,MDT,2025
32364000000.0,3676000000.0,89981000000.0,50214000000.0,25024000000.0,2.76,MDT,2024
31227000000.0,3758000000.0,90948000000.0,51483000000.0,24364000000.0,2.82,MDT,2023
31686000000.0,5039000000.0,90981000000.0,52551000000.0,24114000000.0,3.73,MDT,2022
17606000000.0,4756000000.0,27165000000.0,14051000000.0,4633000000.0,10.1,ADBE,2022
19409000000.0,5428000000.0,29779000000.0,16518000000.0,4080000000.0,11.82,ADBE,2023
21505000000.0,5560000000.0,30230000000.0,14105000000.0,6056000000.0,12.36,ADBE,2024
23769000000.0,7130000000.0,29496000000.0,11623000000.0,6648000000.0,16.7,ADBE,2025
28768000000.0,2550000000.0,178086000000.0,49322000000.0,74579000000.0,3.33,DUK,2022
29060000000.0,2841000000.0,176893000000.0,49111000000.0,80457000000.0,3.54,DUK,2023
30357000000.0,4524000000.0,186343000000.0,50127000000.0,85230000000.0,5.71,DUK,2024
32237000000.0,4968000000.0,195736000000.0,51842000000.0,90869000000.0,6.31,DUK,2025
13278000000.0,1748000000.0,26038000000.0,12964000000.0,2403000000.0,1.67,NOW,2025
10984000000.0,1425000000.0,20383000000.0,9609000000.0,2278000000.0,1.368,NOW,2024
8971000000.0,1731000000.0,17387000000.0,7628000000.0,2284000000.0,1.684,NOW,2023
7245000000.0,325000000.0,13299000000.0,5032000000.0,2232000000.0,0.32,NOW,2022
19759000000.0,5549000000.0,472300000000.0,44313000000.0,34298000000.0,7.4,BK,2025
18258000000.0,4530000000.0,416064000000.0,41318000000.0,31380000000.0,5.8,BK,2024
17344000000.0,3302000000.0,409877000000.0,40770000000.0,31736000000.0,4.0,BK,2023
16186000000.0,2556000000.0,405783000000.0,40734000000.0,30855000000.0,2.9,BK,2022
123707000000.0,19998000000.0,272631000000.0,96903000000.0,98937000000.0,5.39,CMCSA,2025
123731000000.0,16192000000.0,266211000000.0,85560000000.0,99093000000.0,4.14,CMCSA,2024
121572000000.0,15388000000.0,264811000000.0,82703000000.0,97090000000.0,3.71,CMCSA,2023
121427000000.0,5370000000.0,257275000000.0,80943000000.0,99983000000.0,1.21,CMCSA,2022
88309000000.0,10992000000.0,219237000000.0,59203000000.0,122269000000.0,9.72,TMUS,2025
81400000000.0,11339000000.0,208035000000.0,61741000000.0,113944000000.0,9.66,TMUS,2024
78558000000.0,8317000000.0,207682000000.0,64715000000.0,113086000000.0,6.93,TMUS,2023
79571000000.0,2590000000.0,211338000000.0,69656000000.0,111792000000.0,2.06,TMUS,2022
52550000000.0,4210000000.0,57249000000.0,25622000000.0,9789000000.0,15.45,GD,2025
47716000000.0,3782000000.0,55880000000.0,22063000000.0,10676000000.0,13.63,GD,2024
42272000000.0,3315000000.0,54810000000.0,21299000000.0,11083000000.0,12.02,GD,2023
39407000000.0,3390000000.0,51585000000.0,18568000000.0,12114000000.0,12.19,GD,2022
28540000000.0,7570000000.0,692345000000.0,65193000000.0,68413000000.0,4.62,USB,2025
27335000000.0,6299000000.0,678318000000.0,58578000000.0,65626000000.0,3.79,USB,2024
28013000000.0,5429000000.0,663491000000.0,55306000000.0,62935000000.0,3.27,USB,2023
24184000000.0,5825000000.0,674805000000.0,50766000000.0,69388000000.0,3.69,USB,2022
87926000000.0,4092000000.0,87627000000.0,28074000000.0,37416000000.0,16.81,FDX,2025
87693000000.0,4331000000.0,87007000000.0,27582000000.0,37719000000.0,17.21,FDX,2024
90155000000.0,3972000000.0,87143000000.0,26088000000.0,38332000000.0,15.48,FDX,2023
93512000000.0,3826000000.0,85994000000.0,24939000000.0,37194000000.0,14.33,FDX,2022
10644600000.0,2529500000.0,63190400000.0,3652500000.0,44963900000.0,5.4,AMT,2025
10127200000.0,2255000000.0,61077400000.0,3382200000.0,43954100000.0,4.82,AMT,2024
10012200000.0,1483300000.0,66027600000.0,4198200000.0,46307000000.0,3.18,AMT,2023
9645400000.0,1765800000.0,67194500000.0,5572400000.0,47051000000.0,3.82,AMT,2022
38537000000.0,2451000000.0,71487000000.0,25838000000.0,21804000000.0,1.89,MDLZ,2025
36441000000.0,4611000000.0,68497000000.0,26932000000.0,18372000000.0,3.42,MDLZ,2024
36016000000.0,4959000000.0,71391000000.0,28332000000.0,19945000000.0,3.62,MDLZ,2023
31496000000.0,2717000000.0,71161000000.0,26883000000.0,23447000000.0,1.96,MDLZ,2022
13804000000.0,3231000000.0,35672000000.0,10364000000.0,10686000000.0,5.41,EMR,2022
15165000000.0,13219000000.0,42746000000.0,20689000000.0,8561000000.0,22.88,EMR,2023
17492000000.0,1968000000.0,44246000000.0,21636000000.0,8356000000.0,3.43,EMR,2024
18016000000.0,2293000000.0,41964000000.0,20282000000.0,13759000000.0,4.04,EMR,2025
24948000000.0,3250000000.0,37733000000.0,4702000000.0,12602000000.0,6.0,MMM,2025
24575000000.0,4173000000.0,39868000000.0,3842000000.0,13044000000.0,7.55,MMM,2024
24610000000.0,-6995000000.0,50580000000.0,4807000000.0,16751000000.0,-12.63,MMM,2023
26161000000.0,5777000000.0,46455000000.0,14722000000.0,16855000000.0,10.18,MMM,2022
100338000000.0,11548000000.0,71124000000.0,19786000000.0,23521000000.0,13.2,UPS,2022
90958000000.0,6708000000.0,70857000000.0,17306000000.0,26729000000.0,7.8,UPS,2023
91070000000.0,5782000000.0,70070000000.0,16718000000.0,25652000000.0,6.75,UPS,2024
88661000000.0,5572000000.0,73090000000.0,16227000000.0,28590000000.0,6.56,UPS,2025
20382000000.0,2132000000.0,16330000000.0,54000000.0,8554000000.0,2.63,CL,2025
20101000000.0,2889000000.0,16046000000.0,212000000.0,8512000000.0,3.51,CL,2024
19457000000.0,2300000000.0,16393000000.0,609000000.0,9064000000.0,2.77,CL,2023
17967000000.0,1785000000.0,15731000000.0,401000000.0,9271000000.0,2.13,CL,2022
156735000000.0,9934000000.0,264037000000.0,67792000000.0,115666000000.0,6.13,GM,2022
171842000000.0,10127000000.0,273064000000.0,64286000000.0,122648000000.0,7.32,GM,2023
187442000000.0,6008000000.0,279761000000.0,63072000000.0,130693000000.0,6.37,GM,2024
185019000000.0,2697000000.0,281284000000.0,61119000000.0,131312000000.0,3.27,GM,2025
6364505000.0,4627612000.0,40606466000.0,5208268000.0,29186714000.0,14.17,SPG,2025
5963798000.0,2370896000.0,32405691000.0,2941925000.0,24784778000.0,7.26,SPG,2024
5658836000.0,2283126000.0,34283495000.0,3022834000.0,26518284000.0,6.98,SPG,2023
5291447000.0,2139535000.0,33011274000.0,3138524000.0,25458239000.0,6.52,SPG,2022
46309000000.0,3219000000.0,36579000000.0,13213000000.0,11018000000.0,2.16,NKE,2025
51362000000.0,5700000000.0,38110000000.0,14430000000.0,11952000000.0,3.73,NKE,2024
51217000000.0,5070000000.0,37531000000.0,14004000000.0,12144000000.0,3.23,NKE,2023
46710000000.0,6046000000.0,40321000000.0,15281000000.0,12627000000.0,3.75,NKE,2022
