ticker,company_name,sector,,,,#NAME?,,
NVDA,NVIDIA CORP,Information Technology,,,,,,
AAPL,APPLE INC,Information Technology,,,,,,
MSFT,MICROSOFT CORP,Information Technology,,,,,,
AMZN,AMAZON.COM INC,Consumer Discretionary,,,,,,
GOOGL,ALPHABET INC CLASS A,Communication,,,,,,
AVGO,BROADCOM INC,Information Technology,,,,,,
GOOG,ALPHABET INC CLASS C,Communication,,,,,,
META,META PLATFORMS INC CLASS A,Communication,,,,,,
TSLA,TESLA INC,Consumer Discretionary,,,,,,
BRK-B,BERKSHIRE HATHAWAY INC CLASS B,Financials,,,,,,
MU,MICRON TECHNOLOGY INC,Information Technology,,,,,,
JPM,JPMORGAN CHASE & CO,Financials,,,,,,
LLY,ELI LILLY,Health Care,,,,,,
AMD,ADVANCED MICRO DEVICES INC,Information Technology,,,,,,
XOM,EXXON MOBIL CORP,Energy,,,,,,
WMT,WALMART INC,Consumer Staples,,,,,,
JNJ,JOHNSON & JOHNSON,Health Care,,,,,,
INTC,INTEL CORPORATION CORP,Information Technology,,,,,,
V,VISA INC CLASS A,Financials,,,,,,
COST,COSTCO WHOLESALE CORP,Consumer Staples,,,,,,
CSCO,CISCO SYSTEMS INC,Information Technology,,,,,,
CAT,CATERPILLAR INC,Industrials,,,,,,
MA,MASTERCARD INC CLASS A,Financials,,,,,,
LRCX,LAM RESEARCH CORP,Information Technology,,,,,,
ABBV,ABBVIE INC,Health Care,,,,,,
NFLX,NETFLIX INC,Communication,,,,,,
UNH,UNITEDHEALTH GROUP INC,Health Care,,,,,,
CVX,CHEVRON CORP,Energy,,,,,,
AMAT,APPLIED MATERIAL INC,Information Technology,,,,,,
ORCL,ORACLE CORP,Information Technology,,,,,,
PG,PROCTER & GAMBLE,Consumer Staples,,,,,,
BAC,BANK OF AMERICA CORP,Financials,,,,,,
KO,COCA-COLA,Consumer Staples,,,,,,
GE,GE AEROSPACE,Industrials,,,,,,
PLTR,PALANTIR TECHNOLOGIES INC CLASS A,Information Technology,,,,,,
HD,HOME DEPOT INC,Consumer Discretionary,,,,,,
PM,PHILIP MORRIS INTERNATIONAL INC,Consumer Staples,,,,,,
GEV,GE VERNOVA INC,Industrials,,,,,,
GS,GOLDMAN SACHS GROUP INC,Financials,,,,,,
MRK,MERCK & CO INC,Health Care,,,,,,
TXN,TEXAS INSTRUMENT INC,Information Technology,,,,,,
LIN,LINDE PLC,Materials,,,,,,
RTX,RTX CORP,Industrials,,,,,,
MS,MORGAN STANLEY,Financials,,,,,,
WFC,WELLS FARGO,Financials,,,,,,
C,CITIGROUP INC,Financials,,,,,,
QCOM,QUALCOMM INC,Information Technology,,,,,,
IBM,INTERNATIONAL BUSINESS MACHINES CO,Information Technology,,,,,,
PEP,PEPSICO INC,Consumer Staples,,,,,,
NEE,NEXTERA ENERGY INC,Utilities,,,,,,
VZ,VERIZON COMMUNICATIONS INC,Communication,,,,,,
MCD,MCDONALDS CORP,Consumer Discretionary,,,,,,
DIS,WALT DISNEY,Communication,,,,,,
AMGN,AMGEN INC,Health Care,,,,,,
BA,BOEING,Industrials,,,,,,
T,AT&T INC,Communication,,,,,,
TMO,THERMO FISHER SCIENTIFIC INC,Health Care,,,,,,
AXP,AMERICAN EXPRESS,Financials,,,,,,
GILD,GILEAD SCIENCES INC,Health Care,,,,,,
UNP,UNION PACIFIC CORP,Industrials,,,,,,
BLK,BLACKROCK INC,Financials,,,,,,
CRM,SALESFORCE INC,Information Technology,,,,,,
UBER,UBER TECHNOLOGIES INC,Industrials,,,,,,
ISRG,INTUITIVE SURGICAL INC,Health Care,,,,,,
SCHW,CHARLES SCHWAB CORP,Financials,,,,,,
ABT,ABBOTT LABORATORIES,Health Care,,,,,,
PFE,PFIZER INC,Health Care,,,,,,
COP,CONOCOPHILLIPS,Energy,,,,,,
DE,DEERE,Industrials,,,,,,
HON,HONEYWELL INTERNATIONAL INC,Industrials,,,,,,
LOW,LOWES COMPANIES INC,Consumer Discretionary,,,,,,
BKNG,BOOKING HOLDINGS INC,Consumer Discretionary,,,,,,
CVS,CVS HEALTH CORP,Health Care,,,,,,
MO,ALTRIA GROUP INC,Consumer Staples,,,,,,
SBUX,STARBUCKS CORP,Consumer Discretionary,,,,,,
COF,CAPITAL ONE FINANCIAL CORP,Financials,,,,,,
BMY,BRISTOL MYERS SQUIBB,Health Care,,,,,,
LMT,LOCKHEED MARTIN CORP,Industrials,,,,,,
INTU,INTUIT INC,Information Technology,,,,,,
DHR,DANAHER CORP,Health Care,,,,,,
SO,SOUTHERN,Utilities,,,,,,
ACN,ACCENTURE PLC CLASS A,Information Technology,,,,,,
MDT,MEDTRONIC PLC,Health Care,,,,,,
ADBE,ADOBE INC,Information Technology,,,,,,
DUK,DUKE ENERGY CORP,Utilities,,,,,,
NOW,SERVICENOW INC,Information Technology,,,,,,
BK,BANK OF NEW YORK MELLON CORP,Financials,,,,,,
CMCSA,COMCAST CORP CLASS A,Communication,,,,,,
TMUS,T MOBILE US INC,Communication,,,,,,
GD,GENERAL DYNAMICS CORP,Industrials,,,,,,
USB,US BANCORP,Financials,,,,,,
FDX,FEDEX CORP,Industrials,,,,,,
AMT,AMERICAN TOWER REIT CORP,Real Estate,,,,,,
MDLZ,MONDELEZ INTERNATIONAL INC CLASS A,Consumer Staples,,,,,,
EMR,EMERSON ELECTRIC,Industrials,,,,,,
MMM,3M,Industrials,,,,,,
UPS,UNITED PARCEL SERVICE INC CLASS B,Industrials,,,,,,
CL,COLGATE-PALMOLIVE,Consumer Staples,,,,,,
GM,GENERAL MOTORS,Consumer Discretionary,,,,,,
SPG,SIMON PROPERTY GROUP REIT INC,Real Estate,,,,,,
NKE,NIKE INC CLASS B,Consumer Discretionary,,,,,,
XTSLA,BLK CSH FND TREASURY SL AGENCY,Cash and/or Derivatives,,,,,,
USD,USD CASH,Cash and/or Derivatives,,,,,,
MSFUT,CASH COLLATERAL MSFUT USD,Cash and/or Derivatives,,,,,,
ESM6,S&P500 EMINI JUN 26,Cash and/or Derivatives,,,,,,
SPY,SPDR S&P 500 ETF,Benchmark ,,,,,,
,,,,,,,,
,,,,,,,,
,,,,,,,,
,,,,,,,,
,,,,,,,,
,,,,,,,,
,,,,,,,,
,,,,,,,,
 ,,,,,,,,
,,,,,,,,