date_id,date,year,quarter,month,month_name,year_month
1,2020-01-01,2020,1,1,January,2020-01
2,2020-02-01,2020,1,2,February,2020-02
3,2020-03-01,2020,1,3,March,2020-03
4,2020-04-01,2020,2,4,April,2020-04
5,2020-05-01,2020,2,5,May,2020-05
6,2020-06-01,2020,2,6,June,2020-06
7,2020-07-01,2020,3,7,July,2020-07
8,2020-08-01,2020,3,8,August,2020-08
9,2020-09-01,2020,3,9,September,2020-09
10,2020-10-01,2020,4,10,October,2020-10
11,2020-11-01,2020,4,11,November,2020-11
12,2020-12-01,2020,4,12,December,2020-12
13,2021-01-01,2021,1,1,January,2021-01
14,2021-02-01,2021,1,2,February,2021-02
15,2021-03-01,2021,1,3,March,2021-03
16,2021-04-01,2021,2,4,April,2021-04
17,2021-05-01,2021,2,5,May,2021-05
18,2021-06-01,2021,2,6,June,2021-06
19,2021-07-01,2021,3,7,July,2021-07
20,2021-08-01,2021,3,8,August,2021-08
21,2021-09-01,2021,3,9,September,2021-09
22,2021-10-01,2021,4,10,October,2021-10
23,2021-11-01,2021,4,11,November,2021-11
24,2021-12-01,2021,4,12,December,2021-12
25,2022-01-01,2022,1,1,January,2022-01
26,2022-02-01,2022,1,2,February,2022-02
27,2022-03-01,2022,1,3,March,2022-03
28,2022-04-01,2022,2,4,April,2022-04
29,2022-05-01,2022,2,5,May,2022-05
30,2022-06-01,2022,2,6,June,2022-06
31,2022-07-01,2022,3,7,July,2022-07
32,2022-08-01,2022,3,8,August,2022-08
33,2022-09-01,2022,3,9,September,2022-09
34,2022-10-01,2022,4,10,October,2022-10
35,2022-11-01,2022,4,11,November,2022-11
36,2022-12-01,2022,4,12,December,2022-12
37,2023-01-01,2023,1,1,January,2023-01
38,2023-02-01,2023,1,2,February,2023-02
39,2023-03-01,2023,1,3,March,2023-03
40,2023-04-01,2023,2,4,April,2023-04
41,2023-05-01,2023,2,5,May,2023-05
42,2023-06-01,2023,2,6,June,2023-06
43,2023-07-01,2023,3,7,July,2023-07
44,2023-08-01,2023,3,8,August,2023-08
45,2023-09-01,2023,3,9,September,2023-09
46,2023-10-01,2023,4,10,October,2023-10
47,2023-11-01,2023,4,11,November,2023-11
48,2023-12-01,2023,4,12,December,2023-12
49,2024-01-01,2024,1,1,January,2024-01
50,2024-02-01,2024,1,2,February,2024-02
51,2024-03-01,2024,1,3,March,2024-03
52,2024-04-01,2024,2,4,April,2024-04
53,2024-05-01,2024,2,5,May,2024-05
54,2024-06-01,2024,2,6,June,2024-06
55,2024-07-01,2024,3,7,July,2024-07
56,2024-08-01,2024,3,8,August,2024-08
57,2024-09-01,2024,3,9,September,2024-09
58,2024-10-01,2024,4,10,October,2024-10
59,2024-11-01,2024,4,11,November,2024-11
60,2024-12-01,2024,4,12,December,2024-12
61,2025-01-01,2025,1,1,January,2025-01
62,2025-02-01,2025,1,2,February,2025-02
63,2025-03-01,2025,1,3,March,2025-03
64,2025-04-01,2025,2,4,April,2025-04
65,2025-05-01,2025,2,5,May,2025-05
66,2025-06-01,2025,2,6,June,2025-06
67,2025-07-01,2025,3,7,July,2025-07
68,2025-08-01,2025,3,8,August,2025-08
69,2025-09-01,2025,3,9,September,2025-09
70,2025-10-01,2025,4,10,October,2025-10
71,2025-11-01,2025,4,11,November,2025-11
72,2025-12-01,2025,4,12,December,2025-12
