ticker,company_name,sector,fiscal_year,close_price,eps,pe_ratio,roe,roa,de_ratio,pb_ratio
NVDA,NVIDIA CORP,Information Technology,2026,186.4795,4.900000,38.0570408163265306,0.76333339690895335457,0.58058635513024472566,0.07018748450344261982,29.0502102426292178
AAPL,APPLE INC,Information Technology,2025,271.3558,7.460000,36.3747721179624665,1.5191298333175105,0.31179625933565489463,1.3380304612588665,55.2580015045227493
MSFT,MICROSOFT CORP,Information Technology,2025,482.5187,13.640000,35.3752712609970674,0.29647227341409518486,0.16450970350709124188,0.17639506345366092250,10.4877870933881063
AMZN,AMAZON.COM INC,Consumer Discretionary,2025,230.8200,7.170000,32.1924686192468619,0.18894821986790410276,0.09494622525493801052,0.37217228418863196818,6.0827096387600593
GOOGL,ALPHABET INC CLASS A,Communication,2025,312.5753,10.810000,28.9153839037927845,0.31827868951151674232,0.22202959610671262815,0.14277870757227312680,9.2031504956215725
AVGO,BROADCOM INC,Information Technology,2025,344.7159,4.770000,72.2674842767295597,0.28448063770112680215,0.13516704463095878241,0.80125965654676966983,20.5587000121001796
GOOG,ALPHABET INC CLASS C,Communication,2025,313.3746,10.810000,28.9893246993524514,0.31827868951151674232,0.22202959610671262815,0.14277870757227312680,9.2266842751337423
META,META PLATFORMS INC CLASS A,Communication,2025,658.9879,23.490000,28.0539761600681141,0.27829665397734334363,0.16517631502017643796,0.38618965858508674618,7.8073276961071153
TSLA,TESLA INC,Consumer Discretionary,2025,449.7200,1.080000,416.4074074074074074,0.04619111971462312965,0.02753145726601163955,0.17920060386914545211,19.2343244056114017
BRK-B,BERKSHIRE HATHAWAY INC CLASS B,Financials,2025,502.6500,,,0.09334572962243821254,0.05479407221218547901,0.17992414474665432613,
MU,MICRON TECHNOLOGY INC,Information Technology,2025,285.1750,7.590000,37.5724637681159420,0.15764792762854241669,0.10313051039880190343,0.28206406350964645066,5.9232210489419741
JPM,JPMORGAN CHASE & CO,Financials,2025,319.1398,20.020000,15.9410489510489510,0.15740071405316219602,0.01289249474564396936,1.3794966311479481,2.5091324876515171
LLY,ELI LILLY,Health Care,2025,1071.0457,22.950000,46.6686579520697168,0.77784058790276992651,0.18350581457377573882,1.6017712455247786,36.3007763380711873
AMD,ADVANCED MICRO DEVICES INC,Information Technology,2025,214.1600,2.650000,80.8150943396226415,0.06881061604152446864,0.05635285859137352781,0.06106446134065620089,5.5609364269633510
XOM,EXXON MOBIL CORP,Energy,2025,118.7373,6.700000,17.7219850746268657,0.11120106713546606216,0.06424339614236714330,0.16784637567177873902,1.9707036520573096
WMT,WALMART INC,Consumer Staples,2026,110.7443,2.730000,40.5656776556776557,0.21977172570946725960,0.07690713392443126730,0.67352961843861991427,8.9151889829622546
JNJ,JOHNSON & JOHNSON,Health Care,2025,205.8557,11.030000,18.6632547597461469,0.32870597468851172373,0.13455147833944079112,0.58781761993524968115,6.1347233466623629
INTC,INTEL CORPORATION CORP,Information Technology,2025,36.9000,-0.060000,,-0.00233634637428793938,-0.00126283527803659857,0.40763556496705489101,
V,VISA INC CLASS A,Financials,2025,349.2642,10.200000,34.2415882352941176,0.52910918251602521829,0.20133096449757595832,0.66398480571895855865,18.1175387592268172
COST,COSTCO WHOLESALE CORP,Consumer Staples,2025,859.9158,18.210000,47.2221746293245470,0.27770539020710464957,0.10504675806430693005,0.28024276505280482787,13.1138524318646107
CSCO,CISCO SYSTEMS INC,Information Technology,2025,76.2071,2.610000,29.1981226053639847,0.21732169160813782209,0.08324406538502424545,0.59972674679247699763,6.3453853963795095
CAT,CATERPILLAR INC,Industrials,2025,570.4468,18.810000,30.3267836257309942,0.41673702974012571536,0.09011512907643150581,2.0325546486537199,12.6382937297586149
MA,MASTERCARD INC CLASS A,Financials,2025,569.0459,16.520000,34.4458777239709443,1.9345999741501874,0.27638163118341119338,2.4557321959415794,66.6389941543747052
LRCX,LAM RESEARCH CORP,Information Technology,2025,170.6941,4.150000,41.1311084337349398,0.54334050017547828607,0.25102608260569325461,0.45474328302482584249,22.3481970291573754
ABBV,ABBVIE INC,Health Care,2025,224.8013,2.370000,94.8528691983122363,,0.03154673036727381308,,
NFLX,NETFLIX INC,Communication,2025,93.7600,2.530000,37.0592885375494071,0.41258687422902033583,0.19751429722107452826,0.54339924182491036798,15.2901760188588722
UNH,UNITEDHEALTH GROUP INC,Health Care,2025,325.3758,13.230000,24.5937868480725624,0.12810540856444586123,0.03894295838568904422,0.83295080225268303050,3.1505971123192308
CVX,CHEVRON CORP,Energy,2025,149.5636,6.630000,22.5586123680241327,0.06596406543309198176,0.03795847067392565707,0.21860016090104585680,1.48805778232410194930
AMAT,APPLIED MATERIAL INC,Information Technology,2025,256.6699,8.660000,29.6385565819861432,0.34278716629928973794,0.19278768010138020331,0.34533431300514327700,10.1597168239401925
ORCL,ORACLE CORP,Information Technology,2025,193.7195,4.340000,44.6358294930875576,0.60842990562808664613,0.07390666484518386087,5.0904112268348736,27.1577735261106293
PG,PROCTER & GAMBLE,Consumer Staples,2025,141.2362,6.510000,21.6952688172043011,0.30712143351534261324,0.12755627600194839936,0.68182342536337768207,6.6630820596404965
BAC,BANK OF AMERICA CORP,Financials,2025,54.4081,3.810000,14.2803412073490814,0.10060908248500377585,0.00894236310056633892,1.2066362620076968,1.43673202644418213565
KO,COCA-COLA,Consumer Staples,2025,68.9483,3.040000,22.6803618421052632,0.40744194721626410519,0.12504770264081819570,1.4141564860580062,9.2409307925168232
GE,GE AEROSPACE,Industrials,2025,307.2306,8.140000,37.7433169533169533,0.46602773464689189913,0.06686691915893953245,1.0973389730684799,17.5894324978139295
PLTR,PALANTIR TECHNOLOGIES INC CLASS A,Information Technology,2025,177.7500,0.630000,282.1428571428571429,0.21997753431985952046,0.18257993580507465289,0.03104503586440887213,62.0650900402460790
HD,HOME DEPOT INC,Consumer Discretionary,2026,339.6182,14.230000,23.8663527758257203,1.1048154218371966,0.13469717874304200961,5.1002887692187622,26.3679146097392411
PM,PHILIP MORRIS INTERNATIONAL INC,Consumer Staples,2025,157.5439,7.260000,21.7002617079889807,,0.16402399364023993640,,
GEV,GE VERNOVA INC,Industrials,2025,652.6945,17.690000,36.8962408140192199,0.43692968330649490070,0.07750412593627015361,0.10484881016281982466,16.1210628140695894
GS,GOLDMAN SACHS GROUP INC,Financials,2025,870.0848,51.320000,16.9541075604053001,0.13743878628812854079,0.00949306921937523489,3.0898921358384278,2.3301519657004884
MRK,MERCK & CO INC,Health Care,2025,103.6006,7.280000,14.2308516483516484,0.34699463939474584648,0.13337132669910715590,0.93789681785347678972,4.9380292359999047
TXN,TEXAS INSTRUMENT INC,Information Technology,2025,171.4936,5.450000,31.4667155963302752,0.30731887175075278068,0.14460026022842272662,0.86327044798131874885,9.6703155347660362
LIN,LINDE PLC,Materials,2025,423.4033,14.610000,28.9803764544832307,0.18036344620211792391,0.07945448472073441837,0.73392600339913714211,5.2270005695653112
RTX,RTX CORP,Industrials,2025,182.7929,4.960000,36.8534072580645161,0.10318032033105985133,0.03935024170120236850,0.60550233734385776688,3.8025463661781029
MS,MORGAN STANLEY,Financials,2025,175.6130,10.210000,17.2000979431929481,0.15104092016626057045,0.01187168636949312455,3.3192812096889781,2.5979186202896687
WFC,WELLS FARGO,Financials,2025,92.2169,6.260000,14.7311341853035144,0.11781334717337411728,0.00993097465316287441,1.0658027683762430,1.73552422603072262558
C,CITIGROUP INC,Financials,2025,115.5384,6.990000,16.5290987124463519,0.06738863164241536382,0.00538385866035024812,1.7320800222336321,1.11387334451416928051
QCOM,QUALCOMM INC,Information Technology,2025,169.0948,5.010000,33.7514570858283433,0.26129397340375365463,0.11050395867818040404,0.69843440535697444120,8.8190523301223640
IBM,INTERNATIONAL BUSINESS MACHINES CO,Information Technology,2025,292.3788,11.170000,26.1753625783348254,0.32446091644204851752,0.06974585198841190413,1.9788961038961039,8.4928821303694194
PEP,PEPSICO INC,Consumer Staples,2025,140.8713,6.000000,23.4785500000000000,0.40380280309712829560,0.07672324695760668163,2.4454082132706067,9.4807043026560815
NEE,NEXTERA ENERGY INC,Utilities,2025,79.7363,3.281325,24.3000312373812408,0.12516481101670084969,0.03213128934143784582,1.7510071784353941,3.0415088175267503
VZ,VERIZON COMMUNICATIONS INC,Communication,2025,39.4422,4.060000,9.7148275862068966,0.16440742868083476929,0.04248277090372979632,1.7388761248324718,1.5971898235259165
MCD,MCDONALDS CORP,Consumer Discretionary,2025,302.1192,11.950000,25.2819414225941423,,0.14387969419474082164,,
DIS,WALT DISNEY,Communication,2025,113.0054,6.850000,16.4971386861313869,0.11289808772265152136,0.06280061160221553915,0.40845916500559757529,1.8624954105596094
AMGN,AMGEN INC,Health Care,2025,322.6213,14.230000,22.6719114546732256,0.89062139062139062139,0.08512352902214470227,6.3067683067683068,20.1920893078061033
BA,BOEING,Industrials,2025,217.1200,2.480000,87.5483870967741935,0.40979097909790979098,0.01328498826046898683,9.9803813714704804,35.8765392668299088
T,AT&T INC,Communication,2025,24.2978,3.040000,7.9926973684210526,0.19861036975382917319,0.05224441810765401073,1.4026851709444238,1.5874325796725627
TMO,THERMO FISHER SCIENTIFIC INC,Health Care,2025,578.4428,17.740000,32.6066967305524239,0.12552661636115115996,0.06075600627135386930,0.73745014698447769019,4.0930083113004559
AXP,AMERICAN EXPRESS,Financials,2025,367.9667,15.380000,23.9250130039011704,0.32362430543108083886,0.03610374201805020463,1.7254884387883133,7.7427157158170932
GILD,GILEAD SCIENCES INC,Health Care,2025,121.2461,6.780000,17.8829056047197640,0.37485684080697735882,0.14418108195110380699,1.0984054268346401,6.7035294994346398
UNP,UNION PACIFIC CORP,Industrials,2025,228.7791,11.980000,19.0967529215358932,0.38652731900146206747,0.10241326867341961032,1.7773325391238425,7.3814167083946069
BLK,BLACKROCK INC,Financials,2025,1059.2584,35.310000,29.9988218634947607,0.09935943315201832236,0.03266509017753150037,0.26832235900372172917,2.9806659355852134
CRM,SALESFORCE INC,Information Technology,2026,263.8233,7.800000,33.8235000000000000,0.12608636840147441750,0.06639953697520146031,0.29041966791789252984,4.2646822816272700
UBER,UBER TECHNOLOGIES INC,Industrials,2025,81.7100,4.730000,17.2748414376321353,0.37176879553270958914,0.16266463868483220608,0.44672904108575866277,6.4222469942870403
ISRG,INTUITIVE SURGICAL INC,Health Care,2025,566.3600,7.870000,71.9644218551461245,,,,
SCHW,CHARLES SCHWAB CORP,Financials,2025,99.2177,4.650000,21.3371397849462366,0.17909964592817400101,0.01802869682990661819,0.62622154779969650986,3.8214741806038257
ABT,ABBOTT LABORATORIES,Health Care,2025,123.8814,3.720000,33.3014516129032258,0.12514866679455208134,0.07523670037941254483,0.26587377709572223288,4.1676322716781248
PFE,PFIZER INC,Health Care,2025,24.0921,1.360000,17.7147794117647059,0.08986308339886211203,0.03733186010760953113,0.73963874369767334289,1.5919046996718573
COP,CONOCOPHILLIPS,Energy,2025,92.2019,6.350000,14.5199842519685039,0.12386992727216338177,0.06550816391802458606,0.36354614108269883853,1.7985893932842962
DE,DEERE,Industrials,2025,462.6120,18.500000,25.0060540540540541,0.19371868978805394990,0.04742631797426317974,2.4759152215799615,4.8441400281206062
HON,HONEYWELL INTERNATIONAL INC,Industrials,2025,193.0652,7.360000,26.2316847826086957,0.34011795166858457998,0.06418208221929669793,2.5577531645569620,8.9218668970768500
LOW,LOWES COMPANIES INC,Consumer Discretionary,2026,238.9349,11.850000,20.1632827004219409,,0.12289450354609929078,,
BKNG,BOOKING HOLDINGS INC,Consumer Discretionary,2025,213.3175,6.622800,32.2095639306637676,,0.18466375068343357026,,
CVS,CVS HEALTH CORP,Health Care,2025,78.0275,1.390000,56.1348920863309353,0.02350626213204988433,0.00697331366501273971,1.0629670008243146,1.3195214881356276
MO,ALTRIA GROUP INC,Consumer Staples,2025,55.6906,4.120000,13.5171359223300971,,0.19838935374246794414,,
SBUX,STARBUCKS CORP,Consumer Discretionary,2025,83.1829,1.630000,51.0324539877300613,,0.05797680802755803458,,
COF,CAPITAL ONE FINANCIAL CORP,Financials,2025,240.4043,4.030000,59.6536724565756824,0.02159026897620053514,0.00366661733997599434,0.44371391353330516829,1.2879388337556343
BMY,BRISTOL MYERS SQUIBB,Health Care,2025,52.7659,3.460000,15.2502601156069364,0.38185459860336707627,0.07834469890490681712,2.5517782709900937,5.8233819550420251
LMT,LOCKHEED MARTIN CORP,Industrials,2025,477.5090,21.490000,22.2200558399255468,0.74646629965778901949,0.08384024064171122995,3.2286862074096117,16.5865228610186681
INTU,INTUIT INC,Information Technology,2025,659.1652,13.670000,48.2198390636430139,0.19629629629629629630,0.10468640077926294713,0.33683409436834094368,9.4653758161965916
DHR,DANAHER CORP,Health Care,2025,228.1173,5.050000,45.1717425742574257,0.06879354322914683824,0.04330010543467842423,0.37491910001142117486,3.1075242255180709
SO,SOUTHERN,Utilities,2025,85.8099,3.920000,21.8902806122448980,0.12052976454908929365,0.02787695864371949653,2.0567247889826744,2.6384303681073718
ACN,ACCENTURE PLC CLASS A,Information Technology,2025,266.0439,12.150000,21.8966172839506173,0.24613954870207657874,0.11741639412628786616,0.26230963327147173982,5.3896234963736947
MDT,MEDTRONIC PLC,Health Care,2025,94.5866,3.610000,26.2012742382271468,0.09707646176911544228,0.05085078534031413613,0.59378644011327669499,2.5435269968893670
ADBE,ADOBE INC,Information Technology,2025,349.9900,16.700000,20.9574850299401198,0.61343887120364793943,0.24172769189042582045,0.57196937107459347845,12.8561359600338169
DUK,DUKE ENERGY CORP,Utilities,2025,115.2245,6.310000,18.2606180665610143,0.09582963620230700976,0.02538112559774389995,1.7528066046834613,1.7499083861478168
NOW,SERVICENOW INC,Information Technology,2025,153.1900,1.670000,91.7305389221556886,0.13483492749151496452,0.06713265227744066365,0.18535945695772909596,12.3684805643264535
BK,BANK OF NEW YORK MELLON CORP,Financials,2025,115.1211,7.400000,15.5569054054054054,0.12522284656872701013,0.01174888841837814948,0.77399408751382212895,1.9480799786652809
CMCSA,COMCAST CORP CLASS A,Communication,2025,27.3703,5.390000,5.0779777365491651,0.20637131977338162905,0.07335189321830606204,1.0209900622271756,1.0479489672715004
TMUS,T MOBILE US INC,Communication,2025,202.0684,9.720000,20.7889300411522634,0.18566626691214972214,0.05013752240725789899,2.0652500717869027,3.8598030338385838
GD,GENERAL DYNAMICS CORP,Industrials,2025,333.7401,15.450000,21.6013009708737864,0.16431191944422761689,0.07353840241750947615,0.38205448442744516431,3.5493512250167294
USB,US BANCORP,Financials,2025,52.3090,4.620000,11.3222943722943723,0.11611676100194806191,0.01093385523113476663,1.0493918058687282,1.3147081496214072
FDX,FEDEX CORP,Industrials,2025,286.2265,16.810000,17.0271564544913742,0.14575764052147894849,0.04669793556780444384,1.3327634109852533,2.4818381495967337
AMT,AMERICAN TOWER REIT CORP,Real Estate,2025,172.1580,5.400000,31.8811111111111111,0.69253935660506502396,0.04002981465539069226,12.3104449007529090,22.0789241767434786
MDLZ,MONDELEZ INTERNATIONAL INC CLASS A,Consumer Staples,2025,52.8811,1.890000,27.9794179894179894,0.09486028330366127409,0.03428595408955474422,0.84387336481151791934,2.6541355171477472
EMR,EMERSON ELECTRIC,Industrials,2025,131.6797,4.040000,32.5939851485148515,0.11305591164579430036,0.05464207415880278334,0.67838477467705354502,3.6849427051348267
MMM,3M,Industrials,2025,159.3848,6.000000,26.5641333333333333,0.69119523606975754998,0.08613150292847109957,2.6801361122926414,18.3610024103218489
UPS,UNITED PARCEL SERVICE INC CLASS B,Industrials,2025,96.2041,6.560000,14.6652591463414634,0.34337832008381093240,0.07623477903954029279,1.7618783508966537,5.0357320492644749
CL,COLGATE-PALMOLIVE,Consumer Staples,2025,78.0540,2.630000,29.6783269961977186,39.4814814814814815,0.13055725658297611758,158.4074074074074074,1171.7443177017321504
GM,GENERAL MOTORS,Consumer Discretionary,2025,80.9663,3.270000,24.7603363914373089,0.04412703087419624012,0.00958817422960424340,2.1484644709501137,1.0926001284004388
SPG,SIMON PROPERTY GROUP REIT INC,Real Estate,2025,180.7744,14.170000,12.7575441072688779,0.88851264950267536156,0.11396244135108925756,5.6039193835647474,11.3352393158967140
NKE,NIKE INC CLASS B,Consumer Discretionary,2025,62.8884,2.160000,29.1150000000000000,0.24362370392794974646,0.08800131222832772902,0.83387572844925452206,7.0931041398622569
