date_id,date,year_month,portfolio_returns,spy_return,n_holdings
2,2020-02-01,2020-02,-0.09564530000000000000,-0.079165,10
3,2020-03-01,2020-03,-0.09504980000000000000,-0.129987,10
4,2020-04-01,2020-04,0.12771220000000000000,0.133610,10
5,2020-05-01,2020-05,0.04577380000000000000,0.047646,10
6,2020-06-01,2020-06,0.00576450000000000000,0.013275,10
7,2020-07-01,2020-07,0.02249440000000000000,0.063552,10
8,2020-08-01,2020-08,0.05909310000000000000,0.069797,10
9,2020-09-01,2020-09,-0.02417290000000000000,-0.041281,10
10,2020-10-01,2020-10,-0.05060710000000000000,-0.021030,10
11,2020-11-01,2020-11,0.15995980000000000000,0.108777,10
12,2020-12-01,2020-12,0.07936900000000000000,0.032647,10
13,2021-01-01,2021-01,0.04080200000000000000,-0.005971,10
14,2021-02-01,2021-02,0.05004520000000000000,0.027806,10
15,2021-03-01,2021-03,0.03972830000000000000,0.041986,10
16,2021-04-01,2021-04,0.02362420000000000000,0.056359,10
17,2021-05-01,2021-05,0.03105830000000000000,0.006566,10
18,2021-06-01,2021-06,0.02251120000000000000,0.019093,10
19,2021-07-01,2021-07,0.01756240000000000000,0.027764,10
20,2021-08-01,2021-08,0.02725280000000000000,0.029760,10
21,2021-09-01,2021-09,-0.04933110000000000000,-0.049650,10
22,2021-10-01,2021-10,0.04205720000000000000,0.073592,10
23,2021-11-01,2021-11,-0.05147280000000000000,-0.008035,10
24,2021-12-01,2021-12,0.09443690000000000000,0.042585,10
25,2022-01-01,2022-01,-0.02143840000000000000,-0.049413,10
26,2022-02-01,2022-02,-0.02208320000000000000,-0.029517,10
27,2022-03-01,2022-03,0.02816830000000000000,0.034377,10
28,2022-04-01,2022-04,-0.03944150000000000000,-0.084935,10
29,2022-05-01,2022-05,0.01329790000000000000,0.002257,10
30,2022-06-01,2022-06,-0.08357630000000000000,-0.086407,10
31,2022-07-01,2022-07,0.06396640000000000000,0.096805,10
32,2022-08-01,2022-08,-0.00719530000000000000,-0.040802,10
33,2022-09-01,2022-09,-0.06847000000000000000,-0.096159,10
34,2022-10-01,2022-10,0.09519770000000000000,0.085717,10
35,2022-11-01,2022-11,0.08011000000000000000,0.055592,10
36,2022-12-01,2022-12,-0.05468320000000000000,-0.061936,10
37,2023-01-01,2023-01,0.05116830000000000000,0.067768,10
38,2023-02-01,2023-02,-0.03126180000000000000,-0.025142,10
39,2023-03-01,2023-03,0.01633710000000000000,0.033135,10
40,2023-04-01,2023-04,0.04097560000000000000,0.019852,10
41,2023-05-01,2023-05,0.03034230000000000000,0.004616,10
42,2023-06-01,2023-06,0.05242920000000000000,0.060859,10
43,2023-07-01,2023-07,0.05662930000000000000,0.036569,10
44,2023-08-01,2023-08,0.00833020000000000000,-0.016252,10
45,2023-09-01,2023-09,-0.02973030000000000000,-0.050783,10
46,2023-10-01,2023-10,-0.03983730000000000000,-0.018258,10
47,2023-11-01,2023-11,0.09877460000000000000,0.091344,10
48,2023-12-01,2023-12,0.07194700000000000000,0.041433,10
49,2024-01-01,2024-01,0.02654990000000000000,0.020046,10
50,2024-02-01,2024-02,0.03816970000000000000,0.052187,10
51,2024-03-01,2024-03,0.04060710000000000000,0.029503,10
52,2024-04-01,2024-04,-0.01302670000000000000,-0.037338,10
53,2024-05-01,2024-05,0.05171610000000000000,0.050580,10
54,2024-06-01,2024-06,0.05036850000000000000,0.031951,10
55,2024-07-01,2024-07,0.03043200000000000000,0.015374,10
56,2024-08-01,2024-08,0.05315860000000000000,0.023365,10
57,2024-09-01,2024-09,-0.01010810000000000000,0.017883,10
58,2024-10-01,2024-10,0.02500710000000000000,-0.005884,10
59,2024-11-01,2024-11,0.01319140000000000000,0.059633,10
60,2024-12-01,2024-12,-0.00631490000000000000,-0.027334,10
61,2025-01-01,2025-01,0.06791240000000000000,0.030312,10
62,2025-02-01,2025-02,0.03735450000000000000,-0.012695,10
63,2025-03-01,2025-03,-0.05069770000000000000,-0.058551,10
64,2025-04-01,2025-04,0.03416740000000000000,-0.005688,10
65,2025-05-01,2025-05,0.04755200000000000000,0.062845,10
66,2025-06-01,2025-06,0.05630500000000000000,0.048287,10
67,2025-07-01,2025-07,0.01995590000000000000,0.026056,10
68,2025-08-01,2025-08,0.04281400000000000000,0.020520,10
69,2025-09-01,2025-09,0.04670590000000000000,0.032757,10
70,2025-10-01,2025-10,0.02520540000000000000,0.026676,10
71,2025-11-01,2025-11,0.08708170000000000000,0.001950,10
72,2025-12-01,2025-12,-0.01625160000000000000,-0.002151,10
