date,date_id,year_month,portfolio_returns,spy_return,portfolio_value,spy_value,portfolio_index,spy_index
2020-02-01,2,2020-02,-0.09564530000000000000,-0.079165,0.90435470000000000000,0.920835000000000000,90.43547000000000000000,92.083500000000000000
2020-03-01,3,2020-03,-0.09504980000000000000,-0.129987,0.81839596663594000000,0.801138420854999990,81.83959666359400000000,80.113842085499999000
2020-04-01,4,2020-04,0.12771220000000000000,0.133610,0.92291511600614249647,0.908178525265436524,92.29151160061424964700,90.817852526543652400
2020-05-01,5,2020-05,0.04577380000000000000,0.047646,0.96516044794318446187,0.951449599280233513,96.51604479431844618700,95.144959928023351300
2020-06-01,6,2020-06,0.00576450000000000000,0.013275,0.97072411534535294870,0.964080092710678613,97.07241153453529487000,96.408009271067861300
2020-07-01,7,2020-07,0.02249440000000000000,0.063552,0.99255997188557745606,1.025349310762627660,99.25599718855774560600,102.534931076262766000
2020-08-01,8,2020-08,0.05909310000000000000,0.069797,1.05121341756020907323,1.096915616605926784,105.12134175602090732300,109.691561660592678400
2020-09-01,9,2020-09,-0.02417290000000000000,-0.041281,1.02580254073886789532,1.051633843036817520,102.58025407388678953200,105.163384303681752000
2020-10-01,10,2020-10,-0.05060710000000000000,-0.021030,0.97388964897944193386,1.029517983317753248,97.38896489794419338600,102.951798331775324800
2020-11-01,11,2020-11,0.15995980000000000000,0.108777,1.12967284245226366971,1.141505860989108533,112.96728424522636697100,114.150586098910853300
2020-12-01,12,2020-12,0.07936900000000000000,0.032647,1.21933384628485738492,1.178772602832819959,121.93338462848573849200,117.877260283281995900
2021-01-01,13,2021-01,0.04080200000000000000,-0.005971,1.26908510588097213594,1.1717341516213051912,126.90851058809721359400,117.1734151621305191200
2021-02-01,14,2021-02,0.05004520000000000000,0.027806,1.33259672382180656267,1.2043153914412872036,133.25967238218065626700,120.4315391441287203600
2021-03-01,15,2021-03,0.03972830000000000000,0.041986,1.38553852624481644034,1.2548797774663410878,138.55385262448164403400,125.4879777466341087800
2021-04-01,16,2021-04,0.02362420000000000000,0.056359,1.41827076549652923290,1.3256035468445666055,141.82707654965292329000,132.5603546844566605500
2021-05-01,17,2021-05,0.03105830000000000000,0.006566,1.46231984441255008677,1.3343074597331480297,146.23198444125500867700,133.4307459733148029700
2021-06-01,18,2021-06,0.02251120000000000000,0.019093,1.49523841889408988428,1.3597833920618330249,149.52384188940898842800,135.9783392061833024900
2021-07-01,19,2021-07,0.01756240000000000000,0.027764,1.52149839410207544847,1.3975364181590377566,152.14983941020754484700,139.7536418159037756600
2021-08-01,20,2021-08,0.02725280000000000000,0.029760,1.56296348553686049025,1.4391271019634507206,156.29634855368604902500,143.9127101963450720600
2021-09-01,21,2021-09,-0.04933110000000000000,-0.049650,1.48586077753549307172,1.3676744413509653917,148.58607775354930717200,136.7674441350965391700
2021-10-01,22,2021-10,0.04205720000000000000,0.073592,1.54835192142845881093,1.4683243388388656364,154.83519214284588109300,146.8324338838865636400
2021-11-01,23,2021-11,-0.05147280000000000000,-0.008035,1.46865391264715603624,1.4565263527762953511,146.86539126471560362400,145.6526352776295351100
2021-12-01,24,2021-12,0.09443690000000000000,0.042585,1.60734903533042424612,1.5185525275092738882,160.73490353304242461200,151.8552527509273888200
2022-01-01,25,2022-01,-0.02143840000000000000,-0.049413,1.57289004377139647896,1.4435162914674581376,157.28900437713964789600,144.3516291467458137600
2022-02-01,26,2022-02,-0.02208320000000000000,-0.029517,1.53815559835678397624,1.4009080210922131753,153.81555983567839762400,140.0908021092213175300
2022-03-01,27,2022-03,0.02816830000000000000,0.034377,1.58148282669797737432,1.4490670361333001873,158.14828266979773743200,144.9067036133300187300
2022-04-01,28,2022-04,-0.03944150000000000000,-0.084935,1.51910677178876909972,1.3259905274193183365,151.91067717887690997200,132.5990527419318336500
2022-05-01,29,2022-05,0.01329790000000000000,0.002257,1.53930770172933897233,1.3289832880397037380,153.93077017293389723300,132.8983288039703738000
2022-06-01,30,2022-06,-0.08357630000000000000,-0.086407,1.41065805945729721958,1.2141498290700570569,141.06580594572972195800,121.4149829070057056900
2022-07-01,31,2022-07,0.06396640000000000000,0.096805,1.50089277715176647646,1.3316856032731839303,150.08927771517664764600,133.1685603273183930300
2022-08-01,32,2022-08,-0.00719530000000000000,-0.040802,1.49009340335232637113,1.2773501672884314796,149.00934033523263711300,127.7350167288431479600
2022-09-01,33,2022-09,-0.06847000000000000000,-0.096159,1.38806670802479258450,1.1545214525521431973,138.80667080247925845000,115.4521452552143197300
2022-10-01,34,2022-10,0.09519770000000000000,0.085717,1.52020746607532438153,1.2534835679005552558,152.02074660753243815300,125.3483567900555255800
2022-11-01,35,2022-11,0.08011000000000000000,0.055592,1.64199128618261861773,1.3231672264072829231,164.19912861826186177300,132.3167226407282923100
2022-12-01,36,2022-12,-0.05468320000000000000,-0.061936,1.55220194828203724734,1.2412155410725214474,155.22019482820372473400,124.1215541072521447400
2023-01-01,37,2023-01,0.05116830000000000000,0.067768,1.63162548323231701381,1.3253302358599240806,163.16254832323170138100,132.5330235859924080600
2023-02-01,38,2023-02,-0.03126180000000000000,-0.025142,1.58061793370060496580,1.2920087830699338694,158.06179337006049658000,129.2008783069933869400
2023-03-01,39,2023-03,0.01633710000000000000,0.033135,1.60644064694526511918,1.3348194940969561287,160.64406469452651191800,133.4819494096956128700
2023-04-01,40,2023-04,0.04097560000000000000,0.019852,1.67226551631823552460,1.3613183306937689020,167.22655163182355246000,136.1318330693768902000
2023-05-01,41,2023-05,0.03034230000000000000,0.004616,1.72300589829401832236,1.3676021761082513392,172.30058982940183223600,136.7602176108251339200
2023-06-01,42,2023-06,0.05242920000000000000,0.060859,1.81334171913685506780,1.4508330769440234073,181.33417191368550678000,145.0833076944023407300
2023-07-01,43,2023-07,0.05662930000000000000,0.036569,1.91602999135237177449,1.5038885917347893990,191.60299913523717744900,150.3888591734789399000
2023-08-01,44,2023-08,0.00833020000000000000,-0.016252,1.93199090438633530185,1.4794473943419156020,193.19909043863353018500,147.9447394341915602000
2023-09-01,45,2023-09,-0.02973030000000000000,-0.050783,1.87455223520165823743,1.4043166173150501025,187.45522352016582374300,140.4316617315050102500
2023-10-01,46,2023-10,-0.03983730000000000000,-0.018258,1.79987513544225921773,1.3786766045161119171,179.98751354422592177300,137.8676604516111917100
2023-11-01,47,2023-11,0.09877460000000000000,0.091344,1.97765708199551419506,1.5046104402790316448,197.76570819955141950600,150.4610440279031644800
2023-12-01,48,2023-12,0.07194700000000000000,0.041433,2.11994357607384545485,1.5669509646511127622,211.99435760738454548500,156.6950964651112762200
2024-01-01,49,2024-01,0.02654990000000000000,0.020046,2.17622786602424844428,1.5983620636885089691,217.62278660242484442800,159.8362063688508969100
2024-02-01,50,2024-02,0.03816970000000000000,0.052187,2.25929383080203420014,1.6817757847062211865,225.92938308020342001400,168.1775784706221186500
2024-03-01,51,2024-03,0.04060710000000000000,0.029503,2.35103720131879548309,1.7313932156824088299,235.10372013187954830900,173.1393215682408829900
2024-04-01,52,2024-04,-0.01302670000000000000,-0.037338,2.32041094500837592996,1.6667464557952590492,232.04109450083759299600,166.6746455795259049200
2024-05-01,53,2024-05,0.05171610000000000000,0.050580,2.44041354948152360039,1.7510504915293832525,244.04135494815236003900,175.1050491529383252500
2024-06-01,54,2024-06,0.05036850000000000000,0.031951,2.56333351934858372186,1.8069983057842385775,256.33335193485837218600,180.6998305784238577500
2024-07-01,55,2024-07,0.03043200000000000000,0.015374,2.64134088500939982168,1.8347790977373654622,264.13408850093998216800,183.4779097737365462200
2024-08-01,56,2024-08,0.05315860000000000000,0.023365,2.78175086857926050303,1.8776487113559990053,278.17508685792605030300,187.7648711355999005300
2024-09-01,57,2024-09,-0.01010810000000000000,0.017883,2.75363265262457447994,1.9112267032611783347,275.36326526245744799400,191.1226703261178334700
2024-10-01,58,2024-10,0.02500710000000000000,-0.005884,2.82249301973202247642,1.8999810453391895613,282.24930197320224764200,189.9981045339189561300
2024-11-01,59,2024-11,0.01319140000000000000,0.059633,2.85972565415251547773,2.0132826150159014516,285.97256541525154777300,201.3282615015901451600
2024-12-01,60,2024-12,-0.00631490000000000000,-0.027334,2.84166677261910775773,1.9582515480170568008,284.16667726191077577300,195.8251548017056800800
2025-01-01,61,2025-01,0.06791240000000000000,0.030312,3.03465118314792565142,2.0176100689405498274,303.46511831479256514200,201.7610068940549827400
2025-02-01,62,2025-02,0.03735450000000000000,-0.012695,3.14800906076882484015,1.9919965091153495474,314.80090607688248401500,199.1996509115349547400
2025-03-01,63,2025-03,-0.05069770000000000000,-0.058551,2.98841224180868518907,1.8753631215101367169,298.84122418086851890700,187.5363121510136716900
2025-04-01,64,2025-04,0.03416740000000000000,-0.005688,3.09051851823945925940,1.8646960560749870594,309.05185182394592594000,186.4696056074987059400
2025-05-01,65,2025-05,0.04755200000000000000,0.062845,3.23747885481878202610,1.9818828797190196204,323.74788548187820261000,198.1882879719019620400
2025-06-01,66,2025-06,0.05630500000000000000,0.048287,3.41976510173935354808,2.0775820583320119212,341.97651017393535480800,207.7582058332011921200
2025-07-01,67,2025-07,0.01995590000000000000,0.026056,3.48800959213315391356,2.1317155364439108242,348.80095921331539135600,213.1715536443910824200
2025-08-01,68,2025-08,0.04281400000000000000,0.020520,3.63734523481074276522,2.1754583392517398752,363.73452348107427652200,217.5458339251739875200
2025-09-01,69,2025-09,0.04670590000000000000,0.032757,3.80723071761328983576,2.2467198280706091186,380.72307176132898357600,224.6719828070609118600
2025-10-01,70,2025-10,0.02520540000000000000,0.026676,3.90319349074301985137,2.3066533262042206873,390.31934907430198513700,230.6653326204220687300
2025-11-01,71,2025-11,0.08708170000000000000,0.001950,4.24309021534585628315,2.3111513001903189177,424.30902153458562831500,231.1151300190318917700
2025-12-01,72,2025-12,-0.01625160000000000000,-0.002151,4.17413321040214156517,2.3061800137436095417,417.41332104021415651700,230.6180013743609541700
